DBLa0.1,DBLa0.10,DBLa0.11,DBLa0.12,DBLa0.13,DBLa0.14,DBLa0.15,DBLa0.16,DBLa0.17,DBLa0.18,DBLa0.19,DBLa0.2,DBLa0.20,DBLa0.21,DBLa0.22,DBLa0.23,DBLa0.24,DBLa0.3,DBLa0.4,DBLa0.5,DBLa0.6,DBLa0.7,DBLa0.8,DBLa0.9,DBLa1.1,DBLa1.2,DBLa1.3,DBLa1.4,DBLa1.5,DBLa1.6,DBLa1.7,DBLa1.8,DBLa2
seq19201,0,0,0,0,0,0,0,0,0,0,0,0,0,0,0,0,0,0,0,0,0,0,0,0,-200.14695292525866,-210.49550035729308,-233.94948872502255,-240.92135710900925,-218.74138258032335,-212.1775802613753,-240.2785968396264,-206.297491094205,0
seq19202,0,0,0,0,0,0,0,0,0,0,0,0,0,0,0,0,0,0,0,0,0,0,0,0,-268.76484750357383,-262.668806473721,-271.10591422396294,-268.48855637166963,-255.90636578186198,-260.616395769079,-251.59672997656435,-268.1819302992065,0
seq19203,0,0,0,0,0,0,0,0,0,0,0,0,0,0,0,0,0,0,0,0,0,0,0,0,-199.60652040111,-205.1474981385748,-238.6286120324445,-236.94131877227628,-216.57098022296555,-206.3098401265028,-230.39253211776256,-192.69896835641404,0
seq19204,0,0,0,0,0,0,0,0,0,0,0,0,0,0,0,0,0,0,0,0,0,0,0,0,-283.1568959867107,-274.06781346299545,-286.31014116636203,-286.05513360441205,-274.2187066128684,-274.33342619417704,-273.595321677968,-279.89251128198765,0
seq19205,0,0,0,0,0,0,0,0,0,0,0,0,0,0,0,0,0,0,0,0,0,0,0,0,-307.57992268267606,-299.9849213212526,-313.8959780492659,-311.03678247204465,-297.44072642840433,-297.1134203404621,-302.55615059386685,-306.1360763357972,0
seq19206,0,0,0,0,0,0,0,0,0,0,0,0,0,0,0,0,0,0,0,0,0,0,0,0,-312.71984197149243,-305.54188180341123,-315.0908167170679,-309.8275619884079,-293.08151466874597,-304.9336565845024,-303.56647157618676,-313.14450524110066,0
seq19207,0,0,0,0,0,0,0,0,0,0,0,0,0,0,0,0,0,0,0,0,0,0,0,0,-244.50568208788295,-240.34124133847413,-262.2034026593803,-244.95387682471895,-238.58283469813833,-237.17320849790474,-228.5482705776663,-245.87222605854782,0
seq19208,0,0,0,0,0,0,0,0,0,0,0,0,0,0,0,0,0,0,0,0,0,0,0,0,-291.10483189811225,-287.2551064502399,-289.12827035500095,-288.71025526630564,-276.9368334201481,-286.14582643154245,-284.5235641345691,-296.078172934851,0
seq19209,0,0,0,0,0,0,0,0,0,0,0,0,0,0,0,0,0,0,0,0,0,0,0,0,-271.08385822591873,-266.5885957397579,-287.688958552721,-262.2652539522297,-250.38764349249053,-260.3671446697325,-252.53306527281075,-277.8004215419804,0
seq19210,0,0,0,0,0,0,0,0,0,0,0,0,0,0,0,0,0,0,0,0,0,0,0,0,-312.007780146209,-308.83399226361485,-305.34576957952174,-310.4090744086151,-306.0070026813731,-304.4919396880165,-304.52808148256787,-305.0096616351695,0
seq19211,0,0,0,0,0,0,0,0,0,0,0,0,0,0,0,0,0,0,0,0,0,0,0,0,-236.05486667874155,-240.46369762579852,-265.88776065563576,-232.82574211080492,-230.19013058590332,-231.77476573651762,-235.0513516762724,-241.44427599686102,0
seq19212,0,0,0,0,0,0,0,0,0,0,0,0,0,0,0,0,0,0,0,0,0,0,0,0,-317.90552037886187,-314.73175611643927,-319.6095827804062,-320.863844951819,-311.3102190889943,-308.9924013416915,-314.7340279923075,-315.6521830813036,0
seq19213,0,0,0,0,0,0,0,0,0,0,0,0,0,0,0,0,0,0,0,0,0,0,0,0,-341.1107578650778,-336.47409303103774,-338.8904817087925,-336.67966249459886,-326.919100576732,-332.11019096159066,-327.31672364906296,-339.80525238550086,0
seq19214,0,0,0,0,0,0,0,0,0,0,0,0,0,0,0,0,0,0,0,0,0,0,0,0,-280.8221121210562,-270.29056980618805,-288.61634608314216,-282.7389516186992,-263.64827438858396,-276.4141895401272,-276.23105592656367,-283.2392471101978,0
seq19215,0,0,0,0,0,0,0,0,0,0,0,0,0,0,0,0,0,0,0,0,0,0,0,0,-284.46119594249825,-278.7804309712043,-290.61919748622955,-287.86345668474604,-274.1730994610717,-272.8990852194521,-282.92781391400143,-281.3267318155508,0
seq19216,0,0,0,0,0,0,0,0,0,0,0,0,0,0,0,0,0,0,0,0,0,0,0,0,-293.4794502459814,-282.2840842850244,-290.1102188991025,-290.1270914304971,-277.4524121008305,-280.89933299743575,-277.0915004310671,-289.6013562853634,0
seq19217,0,0,0,0,0,0,0,0,0,0,0,0,0,0,0,0,0,0,0,0,0,0,0,0,-323.1440739710156,-317.11104151189255,-325.97810957128826,-323.1311781142986,-306.8534468472251,-313.3536788839713,-314.8763513973336,-320.7239766825639,0
seq19218,0,0,0,0,0,0,0,0,0,0,0,0,0,0,0,0,0,0,0,0,0,0,0,0,-248.0114826987907,-242.78200688419952,-257.16702577591724,-252.85846223147823,-242.58356013611004,-241.3547838400005,-241.3623663749464,-248.9206096940788,0
seq19219,0,0,0,0,0,0,0,0,0,0,0,0,0,0,0,0,0,0,0,0,0,0,0,0,-288.7192988228768,-281.4185941417085,-290.72247024483255,-286.477591819055,-272.8549576157954,-279.71226949594194,-282.30665096103354,-287.7038148016611,0
seq19220,0,0,0,0,0,0,0,0,0,0,0,0,0,0,0,0,0,0,0,0,0,0,0,0,-268.2123754149615,-257.70113865586103,-277.45152024423464,-272.6991868080545,-260.81230346425735,-258.70926092426674,-265.22565031342623,-266.1616760926372,0
seq19221,0,0,0,0,0,0,0,0,0,0,0,0,0,0,0,0,0,0,0,0,0,0,0,0,-311.20400929499783,-306.6898467145784,-314.3720906579403,-302.5671444788372,-294.66848187514165,-303.9683832028116,-299.6444327167068,-314.1433146183282,0
seq19222,0,0,0,0,0,0,0,0,0,0,0,0,0,0,0,0,0,0,0,0,0,0,0,0,-600.8002246630618,-597.0964033591955,-592.0535063078431,-603.434221024294,-590.1237090173458,-590.2944507770849,-593.1318307830063,-593.9372043520436,0
seq19223,0,0,0,0,0,0,0,0,0,0,0,0,0,0,0,0,0,0,0,0,0,0,0,0,-264.92690605100773,-256.87745573322195,-273.25249615870763,-270.80395480450454,-253.27090014875392,-263.02515690241773,-258.89856279744345,-268.53865748039755,0
seq19224,0,0,0,0,0,0,0,0,0,0,0,0,0,0,0,0,0,0,0,0,0,0,0,0,-225.14211736369475,-217.13235022570487,-252.42948960224143,-250.56819676770368,-240.18692708916322,-217.83828810286624,-249.72405471217033,-212.19286537254766,0
seq19225,0,0,0,0,0,0,0,0,0,0,0,0,0,0,0,0,0,0,0,0,0,0,0,0,-296.2620748708403,-285.29713582206944,-302.09610545647104,-292.5567161217989,-273.4691184262251,-283.7076121933426,-287.8414384650449,-290.1440456548752,0
seq19226,0,0,0,0,0,0,0,0,0,0,0,0,0,0,0,0,0,0,0,0,0,0,0,0,-276.57327611385955,-272.07702724057765,-289.8156547292863,-279.03469927111473,-269.0400979309704,-270.38248807570085,-273.2676871706011,-273.64163711894685,0
seq19227,0,0,0,0,0,0,0,0,0,0,0,0,0,0,0,0,0,0,0,0,0,0,0,0,-273.01169873889955,-266.73545014579975,-281.4695882374658,-272.1971799777704,-259.94729597913584,-266.8376312540912,-267.14519250732354,-274.15270086269015,0
seq19228,0,0,0,0,0,0,0,0,0,0,0,0,0,0,0,0,0,0,0,0,0,0,0,0,-215.20886238088323,-212.13946210675851,-243.51110901005282,-252.29728999176655,-228.55245811662735,-214.3993060842295,-243.8891061055167,-213.09948277059416,0
seq19229,0,0,0,0,0,0,0,0,0,0,0,0,0,0,0,0,0,0,0,0,0,0,0,0,-201.71012113106116,-210.7947984617111,-236.5639709185271,-225.93265520334887,-215.12329098037043,-213.0313980464406,-212.2676736537133,-207.4588571864363,0
seq19230,0,0,0,0,0,0,0,0,0,0,0,0,0,0,0,0,0,0,0,0,0,0,0,0,-319.20358140361236,-308.6742100737824,-317.49302544021816,-313.4829887737328,-298.11173268521134,-306.56055789422413,-307.53657089396967,-314.5438009142926,0
seq19231,0,0,0,0,0,0,0,0,0,0,0,0,0,0,0,0,0,0,0,0,0,0,0,0,-286.82598372483557,-282.6591149022878,-288.60804898939267,-287.1439903502931,-278.0670985413098,-284.0936176430437,-276.30231785721696,-288.1183646031348,0
seq19232,0,0,0,0,0,0,0,0,0,0,0,0,0,0,0,0,0,0,0,0,0,0,0,0,-301.19862666324497,-291.77164584716706,-297.39021297660315,-303.55638012761455,-291.0129909200388,-292.0828545682247,-297.084146244504,-297.66863565016195,0
seq19233,0,0,0,0,0,0,0,0,0,0,0,0,0,0,0,0,0,0,0,0,0,0,0,0,-292.1698536167216,-284.8347940741743,-289.9677671606787,-287.89178992104365,-274.3608929284107,-286.3447273387508,-279.4484866459918,-291.84957309402944,0
seq19234,0,0,0,0,0,0,0,0,0,0,0,0,0,0,0,0,0,0,0,0,0,0,0,0,-264.4069744959076,-254.58501644810934,-281.1726749032914,-260.3113595219737,-251.10643674339363,-251.36675710468438,-254.4543300708156,-258.083103276848,0
seq19235,0,0,0,0,0,0,0,0,0,0,0,0,0,0,0,0,0,0,0,0,0,0,0,0,-293.9802753001432,-288.33509913746803,-301.0439236540746,-291.8221003034284,-276.5425012447953,-279.46854211581933,-286.94039992900736,-290.500983415777,0
seq19236,0,0,0,0,0,0,0,0,0,0,0,0,0,0,0,0,0,0,0,0,0,0,0,0,-275.0052420588969,-269.6824522818,-286.27274336317083,-282.78665803263004,-271.4502243668732,-264.9652366885666,-279.61054127947375,-271.4834064547322,0
seq19237,0,0,0,0,0,0,0,0,0,0,0,0,0,0,0,0,0,0,0,0,0,0,0,0,-273.9934247980395,-264.57614443246854,-269.23808739267895,-268.95546998064276,-253.8971691121898,-258.46347411736735,-258.1716471380939,-268.9785169122957,0
seq19238,0,0,0,0,0,0,0,0,0,0,0,0,0,0,0,0,0,0,0,0,0,0,0,0,-281.09117735509676,-270.2575854134677,-283.05355595724524,-277.3052932776331,-263.22817528201955,-272.9246902370459,-274.78946722390367,-279.1050845305175,0
seq19239,0,0,0,0,0,0,0,0,0,0,0,0,0,0,0,0,0,0,0,0,0,0,0,0,-208.4445560360025,-201.48011077561011,-236.23745208558896,-236.52495670741516,-218.5446886487355,-206.34427110266367,-231.8107591301411,-196.39372337164943,0
seq19240,0,0,0,0,0,0,0,0,0,0,0,0,0,0,0,0,0,0,0,0,0,0,0,0,-538.5715639658956,-532.6453561325778,-514.2383022996482,-522.0816570016467,-518.4946009882309,-523.9102495532335,-523.0141448343663,-535.1545454990323,0
seq19241,0,0,0,0,0,0,0,0,0,0,0,0,0,0,0,0,0,0,0,0,0,0,0,0,-251.26347835217723,-244.59664661932516,-266.64250263553475,-253.10929874893847,-237.68252015650248,-244.99867154931374,-235.20044750566572,-250.79627310836852,0
seq19242,0,0,0,0,0,0,0,0,0,0,0,0,0,0,0,0,0,0,0,0,0,0,0,0,-235.45979990276723,-222.21433983138746,-265.3274878576976,-204.50222504134035,-214.554095676952,-222.62402893185498,-213.29205892022597,-236.23581603659895,0
seq19243,0,0,0,0,0,0,0,0,0,0,0,0,0,0,0,0,0,0,0,0,0,0,0,0,-293.0973644767469,-287.1118268986097,-300.7455047488105,-296.584520865679,-283.38633592200955,-290.2271882821677,-285.3534235392771,-297.33416151114847,0
seq19244,0,0,0,0,0,0,0,0,0,0,0,0,0,0,0,0,0,0,0,0,0,0,0,0,-302.42312277828154,-295.2385332581443,-308.54432739226263,-299.01833492733033,-288.88778275180374,-289.80536307626994,-286.20915556398785,-299.72864765628873,0
seq19245,0,0,0,0,0,0,0,0,0,0,0,0,0,0,0,0,0,0,0,0,0,0,0,0,-319.3011824346669,-307.554751460688,-323.9082472604602,-298.31580127407545,-302.73555183674887,-306.9459527511232,-297.1503565060841,-320.78541456737526,0
seq19246,0,0,0,0,0,0,0,0,0,0,0,0,0,0,0,0,0,0,0,0,0,0,0,0,-322.27269030227467,-313.62654231747615,-335.0025304063893,-318.50646826165615,-302.9768352624054,-314.9445558458925,-307.9511600327058,-324.9709987077061,0
seq19247,0,0,0,0,0,0,0,0,0,0,0,0,0,0,0,0,0,0,0,0,0,0,0,0,-318.808808174911,-312.1427822433239,-320.94680740160607,-319.79575325474167,-310.38163159105534,-311.6962647823369,-317.03571703863855,-317.9344735486913,0
seq19248,0,0,0,0,0,0,0,0,0,0,0,0,0,0,0,0,0,0,0,0,0,0,0,0,-288.23663452396886,-285.63107158426055,-303.55433355561456,-285.12675524590736,-272.2448404253477,-282.24311695924496,-286.8858652654415,-291.40165631614957,0
seq19249,0,0,0,0,0,0,0,0,0,0,0,0,0,0,0,0,0,0,0,0,0,0,0,0,-257.2732674657164,-255.2857155093462,-268.2894737346736,-262.4939397399421,-253.2571162232283,-255.4200379133994,-253.39461854917283,-261.3681211991086,0
seq19250,0,0,0,0,0,0,0,0,0,0,0,0,0,0,0,0,0,0,0,0,0,0,0,0,-281.0972530584835,-272.051623189366,-284.53884639080337,-280.1988516031441,-268.52282961192043,-272.20634165511416,-261.7461336391246,-279.4970611531971,0
seq19251,0,0,0,0,0,0,0,0,0,0,0,0,0,0,0,0,0,0,0,0,0,0,0,0,-257.1321483604858,-252.29950205172472,-271.39818244562866,-257.307632786897,-245.8638287010551,-255.29414302814425,-247.64991896423288,-264.97607707559797,0
seq19252,0,0,0,0,0,0,0,0,0,0,0,0,0,0,0,0,0,0,0,0,0,0,0,0,-484.58780567266626,-479.72055575379295,-488.80319948698826,-478.42135917742013,-468.6885991441099,-480.7831689709193,-473.5601655786975,-485.75010603392553,0
seq19253,0,0,0,0,0,0,0,0,0,0,0,0,0,0,0,0,0,0,0,0,0,0,0,0,-282.75372491467186,-270.28970729088826,-289.67723948156845,-270.57575188566125,-262.82801580609794,-269.7115929118039,-268.55397930602265,-278.74217907010245,0
seq19254,0,0,0,0,0,0,0,0,0,0,0,0,0,0,0,0,0,0,0,0,0,0,0,0,-209.28080782496448,-218.52495450963207,-252.70657186686321,-243.2530434804954,-226.18686241936655,-218.7799666510766,-236.26510253559408,-225.22241070785324,0
seq19255,0,0,0,0,0,0,0,0,0,0,0,0,0,0,0,0,0,0,0,0,0,0,0,0,-290.1347118189084,-280.5243649750944,-295.0232586919036,-286.22734755339405,-271.4088415720609,-278.66862011820143,-280.4888205155461,-286.4045183561576,0
seq19256,0,0,0,0,0,0,0,0,0,0,0,0,0,0,0,0,0,0,0,0,0,0,0,0,-307.95527296487427,-304.8362185807722,-309.3512980725119,-312.621306870093,-301.9807218117688,-298.24198912241496,-307.5469261763076,-303.25797822596104,0
seq19257,0,0,0,0,0,0,0,0,0,0,0,0,0,0,0,0,0,0,0,0,0,0,0,0,-242.35168222217666,-235.5544176304517,-249.91101048952763,-249.10209671955843,-238.60660406868863,-231.43692420758532,-243.3583826168386,-237.62338217752213,0
seq19258,0,0,0,0,0,0,0,0,0,0,0,0,0,0,0,0,0,0,0,0,0,0,0,0,-318.9926346396326,-309.0665530596687,-320.184429483638,-313.0253713345628,-298.54284880221695,-307.8102181287304,-306.59150292856896,-316.4143963810443,0
seq19259,0,0,0,0,0,0,0,0,0,0,0,0,0,0,0,0,0,0,0,0,0,0,0,0,-271.27000771054946,-261.1673048110888,-281.4197345345343,-268.7523802123066,-256.35825219208454,-267.7913741637506,-262.57654219870625,-272.4699782844405,0
seq19260,0,0,0,0,0,0,0,0,0,0,0,0,0,0,0,0,0,0,0,0,0,0,0,0,-284.174507217127,-279.148386501754,-281.0784934666454,-291.93869862445405,-277.5817230086066,-276.0417229611091,-280.4746714409047,-281.41156626643425,0
seq19261,0,0,0,0,0,0,0,0,0,0,0,0,0,0,0,0,0,0,0,0,0,0,0,0,-253.2880995115697,-240.616701783908,-262.28139049368934,-226.95693611462602,-238.69645591410986,-240.8990704990267,-232.3590622976453,-252.517487589367,0
seq19262,0,0,0,0,0,0,0,0,0,0,0,0,0,0,0,0,0,0,0,0,0,0,0,0,-278.71194081203197,-268.75277869686556,-280.52122361119586,-275.98096378935884,-259.2790257101881,-270.5111224024264,-266.66575205201787,-275.7443744640609,0
seq19263,0,0,0,0,0,0,0,0,0,0,0,0,0,0,0,0,0,0,0,0,0,0,0,0,-267.9256247950049,-249.5275967234648,-280.3723552734852,-242.5338509391065,-246.13930870307183,-252.18273922245191,-244.7021559810931,-261.42262493041585,0
seq19264,0,0,0,0,0,0,0,0,0,0,0,0,0,0,0,0,0,0,0,0,0,0,0,0,-292.1554889158894,-288.3338834310894,-289.5296174057529,-275.09342493469296,-280.1123684245488,-283.4550256519026,-278.90514603035456,-295.9111719211817,0
seq19265,0,0,0,0,0,0,0,0,0,0,0,0,0,0,0,0,0,0,0,0,0,0,0,0,-241.8812190872593,-223.46827825460494,-261.68812442387457,-222.76882454033665,-226.22538874481117,-230.28644561844425,-213.0908978406274,-245.57369306342116,0
seq19266,0,0,0,0,0,0,0,0,0,0,0,0,0,0,0,0,0,0,0,0,0,0,0,0,-196.94906839353501,-209.99689704428297,-245.8420764954063,-244.35545991258573,-228.4943620226511,-204.68530201469298,-239.4097458640048,-205.5512849116152,0
seq19267,0,0,0,0,0,0,0,0,0,0,0,0,0,0,0,0,0,0,0,0,0,0,0,0,-288.01094740458893,-276.64884987906925,-288.18975577872305,-290.5620831262795,-282.83287162822666,-279.6652081145034,-282.92230555618676,-282.88600574333674,0
seq19268,0,0,0,0,0,0,0,0,0,0,0,0,0,0,0,0,0,0,0,0,0,0,0,0,-290.5229955394617,-281.82586674294663,-297.8671029155444,-285.4248968542402,-269.6516734905252,-277.4100238813774,-278.74440700860566,-289.9003540222692,0
seq19269,0,0,0,0,0,0,0,0,0,0,0,0,0,0,0,0,0,0,0,0,0,0,0,0,-203.9967619900355,-201.44326742096973,-238.15742226798503,-236.2863940306654,-218.9812032192866,-206.30930038737998,-233.42318039443288,-198.1929006317563,0
seq19270,0,0,0,0,0,0,0,0,0,0,0,0,0,0,0,0,0,0,0,0,0,0,0,0,-318.8207619233009,-308.6329203076095,-320.32487753047354,-310.36556168852564,-298.11807912111703,-304.8551470193603,-305.55500594522823,-317.183171497286,0
seq19271,0,0,0,0,0,0,0,0,0,0,0,0,0,0,0,0,0,0,0,0,0,0,0,0,-266.5964494827211,-263.4458635586215,-283.5498513665212,-274.6238949925594,-257.7573960848392,-260.8617044224836,-258.70028958433915,-267.1081864807784,0
seq19272,0,0,0,0,0,0,0,0,0,0,0,0,0,0,0,0,0,0,0,0,0,0,0,0,-272.47200524871533,-267.7653253758189,-280.39070524033133,-275.95928639902144,-261.4507009289487,-268.32794744837685,-270.8810142335469,-276.0746650762687,0
seq19273,0,0,0,0,0,0,0,0,0,0,0,0,0,0,0,0,0,0,0,0,0,0,0,0,-263.9173338135826,-252.28002323935627,-284.76730952230287,-265.4916749278477,-245.438584785997,-258.0582411832866,-257.68412303394064,-264.37078100305337,0
seq19274,0,0,0,0,0,0,0,0,0,0,0,0,0,0,0,0,0,0,0,0,0,0,0,0,-267.48415958370185,-259.41863872083496,-272.0185331220844,-258.53305578517296,-256.72688715159364,-254.62842828811344,-251.75848737119546,-261.69560224042215,0
seq19275,0,0,0,0,0,0,0,0,0,0,0,0,0,0,0,0,0,0,0,0,0,0,0,0,-308.43639870395293,-300.31205894239235,-322.4324023465211,-303.07610451411693,-284.3401417344116,-301.9410852731333,-297.0646692524327,-310.1146071284044,0
seq19276,0,0,0,0,0,0,0,0,0,0,0,0,0,0,0,0,0,0,0,0,0,0,0,0,-267.5311703163087,-259.9199786792783,-277.4332387114322,-271.97743740905895,-258.35481988415785,-262.41687005831943,-263.2598312625581,-266.96328139193537,0
seq19277,0,0,0,0,0,0,0,0,0,0,0,0,0,0,0,0,0,0,0,0,0,0,0,0,-314.79184672033375,-310.36899184803775,-316.7927191287493,-311.91336855777894,-298.9809883474329,-311.49591530613117,-304.76727712403675,-317.94237793675074,0
seq19278,0,0,0,0,0,0,0,0,0,0,0,0,0,0,0,0,0,0,0,0,0,0,0,0,-270.42968943111083,-257.97189576718375,-274.52512001264984,-267.21939027415567,-253.0831953334704,-258.36212573346023,-258.2654906483256,-263.4855666186039,0
seq19279,0,0,0,0,0,0,0,0,0,0,0,0,0,0,0,0,0,0,0,0,0,0,0,0,-231.39078057297502,-228.77932530385894,-255.3637963428875,-221.70713868411084,-223.59813031366082,-222.4549855356417,-218.6261767135663,-230.87803578148655,0
seq19280,0,0,0,0,0,0,0,0,0,0,0,0,0,0,0,0,0,0,0,0,0,0,0,0,-264.136206676032,-256.7082809917586,-271.1280303757989,-261.40414384346735,-246.9311264544271,-254.0893374929271,-260.9325839908293,-263.43940402678817,0
seq19281,0,0,0,0,0,0,0,0,0,0,0,0,0,0,0,0,0,0,0,0,0,0,0,0,-252.6962285211807,-248.09228801910962,-259.52519915472595,-248.23475503263924,-240.41586153054362,-244.97773087630532,-234.8916972044833,-253.6892879261614,0
seq19282,0,0,0,0,0,0,0,0,0,0,0,0,0,0,0,0,0,0,0,0,0,0,0,0,-308.2887880648859,-299.3022671756003,-308.08721464415197,-302.8067855505403,-289.30047594693934,-295.99477565692746,-299.5040320378221,-304.0949201652932,0
seq19283,0,0,0,0,0,0,0,0,0,0,0,0,0,0,0,0,0,0,0,0,0,0,0,0,-307.3919128005286,-300.2367215614616,-310.0740904063609,-309.2740705233937,-289.9895877159646,-301.7233364634183,-299.1174003456103,-307.711427319362,0
seq19284,0,0,0,0,0,0,0,0,0,0,0,0,0,0,0,0,0,0,0,0,0,0,0,0,-288.5282456733218,-283.9449306693534,-296.41295733114964,-282.2412816242134,-270.72365710778945,-283.77281251268977,-278.5357275006632,-291.5045549147637,0
seq19285,0,0,0,0,0,0,0,0,0,0,0,0,0,0,0,0,0,0,0,0,0,0,0,0,-273.32896391829865,-266.3471361572915,-271.520152018745,-273.9316301400686,-262.3972787542913,-258.4208867898636,-267.6699788896753,-266.5572382427487,0
seq19286,0,0,0,0,0,0,0,0,0,0,0,0,0,0,0,0,0,0,0,0,0,0,0,0,-240.5617184986572,-230.93857084815994,-262.63925088957984,-208.4779777964589,-220.38631524667775,-209.9735089920892,-214.90464229991179,-236.48636361835545,0
seq19287,0,0,0,0,0,0,0,0,0,0,0,0,0,0,0,0,0,0,0,0,0,0,0,0,-266.6792400529738,-266.1265232184994,-270.3136927840362,-274.92264032967665,-260.212629631625,-264.656251335618,-264.97046343608883,-269.17185493192824,0
seq19288,0,0,0,0,0,0,0,0,0,0,0,0,0,0,0,0,0,0,0,0,0,0,0,0,-283.5041330994182,-275.90498744706497,-291.4694369729381,-291.71496578239135,-277.8132385590011,-279.9136729744027,-280.2105790079951,-286.1991987254364,0
seq19289,0,0,0,0,0,0,0,0,0,0,0,0,0,0,0,0,0,0,0,0,0,0,0,0,-246.48052158233924,-232.3307416425673,-266.00834171281014,-218.80669125161663,-226.81902798634545,-234.84646342339212,-214.53707671605883,-248.7740239467757,0
seq19290,0,0,0,0,0,0,0,0,0,0,0,0,0,0,0,0,0,0,0,0,0,0,0,0,-281.00798809642,-272.98796856187477,-282.87201295808353,-282.907702210778,-270.01428867804526,-269.537040490773,-274.4668218856204,-273.96890792062277,0
seq19291,0,0,0,0,0,0,0,0,0,0,0,0,0,0,0,0,0,0,0,0,0,0,0,0,-275.34903793346547,-269.62190381596145,-281.7145398863858,-274.26449249579775,-260.35137073313155,-269.4903197333752,-267.17357054509495,-277.9966494925808,0
seq19292,0,0,0,0,0,0,0,0,0,0,0,0,0,0,0,0,0,0,0,0,0,0,0,0,-211.02850521327943,-212.20847012402766,-231.09219943567837,-242.98101192920996,-219.40254962682786,-212.45847091912168,-238.4238953529029,-208.3711420939169,0
seq19293,0,0,0,0,0,0,0,0,0,0,0,0,0,0,0,0,0,0,0,0,0,0,0,0,-282.51873304059256,-272.921849056792,-288.8853582986397,-278.90044513447805,-263.4910819086745,-268.24807910456883,-272.27152409872775,-278.12221811811224,0
seq19294,0,0,0,0,0,0,0,0,0,0,0,0,0,0,0,0,0,0,0,0,0,0,0,0,-199.08469360246895,-207.72878704246602,-230.3751448713409,-237.3193219212192,-221.82224162432465,-205.2078229032253,-235.3703554551366,-199.03214286699085,0
seq19295,0,0,0,0,0,0,0,0,0,0,0,0,0,0,0,0,0,0,0,0,0,0,0,0,-285.14135552630023,-275.91312929919275,-293.1472681593439,-283.39443891655,-272.65917116742435,-278.50520377435925,-275.1482993645855,-286.96362872954245,0
seq19296,0,0,0,0,0,0,0,0,0,0,0,0,0,0,0,0,0,0,0,0,0,0,0,0,-253.86341073895028,-249.7749241638031,-268.2687377999431,-258.8870554524142,-240.62347528794825,-243.38874197142937,-247.1624472024962,-250.3288385478038,0
seq19297,0,0,0,0,0,0,0,0,0,0,0,0,0,0,0,0,0,0,0,0,0,0,0,0,-300.7344563323447,-297.4174734698019,-304.64053273122283,-300.63145646069023,-289.91994421960544,-294.9525896387794,-293.891781521377,-303.36126064194906,0
seq19298,0,0,0,0,0,0,0,0,0,0,0,0,0,0,0,0,0,0,0,0,0,0,0,0,-309.7961961285091,-302.08958911156736,-318.6754206169991,-304.3240249579224,-293.4549636527713,-302.6507407713358,-301.58270522584127,-309.56039534909866,0
seq19299,0,0,0,0,0,0,0,0,0,0,0,0,0,0,0,0,0,0,0,0,0,0,0,0,-250.05551820604913,-246.7450184970211,-263.4136950671872,-257.6135974528241,-245.20376577394276,-247.06240552217443,-250.8071062968962,-252.61987806593777,0
seq19300,0,0,0,0,0,0,0,0,0,0,0,0,0,0,0,0,0,0,0,0,0,0,0,0,-265.43032126831923,-256.74264008363605,-277.50360080209816,-267.5350498832114,-253.51759955208195,-259.56921126497224,-257.6980950502903,-265.78908263095326,0
seq19301,0,0,0,0,0,0,0,0,0,0,0,0,0,0,0,0,0,0,0,0,0,0,0,0,-297.5913156535317,-296.0747604932916,-305.6453539470718,-297.97518544976214,-285.6500541241646,-291.82742175729567,-291.48520201117975,-298.74450396657375,0
seq19302,0,0,0,0,0,0,0,0,0,0,0,0,0,0,0,0,0,0,0,0,0,0,0,0,-343.46011109444095,-340.83761038998307,-331.57834418224996,-335.7762467143109,-325.1931377102661,-335.70028239647695,-328.7598508374271,-345.91580525319887,0
seq19303,0,0,0,0,0,0,0,0,0,0,0,0,0,0,0,0,0,0,0,0,0,0,0,0,-300.6465763553651,-290.80328111907005,-310.731499975413,-305.9676212779026,-293.3671319334822,-295.97409241061763,-295.72271586537823,-303.4914312458442,0
seq19304,0,0,0,0,0,0,0,0,0,0,0,0,0,0,0,0,0,0,0,0,0,0,0,0,-304.06888426836383,-295.82552199801415,-314.3128556463918,-300.4841940540132,-286.2832692217801,-294.4372500698369,-298.58712438158415,-301.0538701219036,0
seq19305,0,0,0,0,0,0,0,0,0,0,0,0,0,0,0,0,0,0,0,0,0,0,0,0,-206.5529987174084,-204.69353775753189,-236.8982307332267,-242.5655027006382,-222.64694095835364,-207.51957671949205,-233.01647896020515,-198.2677593350294,0
seq19306,0,0,0,0,0,0,0,0,0,0,0,0,0,0,0,0,0,0,0,0,0,0,0,0,-299.55848859969643,-291.7431255283891,-308.67506184850055,-295.45246144944844,-282.3620302384723,-293.35235047193015,-293.9630183227739,-300.0765522437703,0
seq19307,0,0,0,0,0,0,0,0,0,0,0,0,0,0,0,0,0,0,0,0,0,0,0,0,-273.3521513016255,-269.74209797612724,-283.35212874576735,-274.3239479773914,-264.3423116215023,-269.36338026638924,-258.7652483032942,-272.73543668204684,0
seq19308,0,0,0,0,0,0,0,0,0,0,0,0,0,0,0,0,0,0,0,0,0,0,0,0,-232.08295095064918,-222.49485456414786,-245.8740554848437,-234.61027176581015,-223.8272539968891,-223.09912872226377,-219.87270267462065,-231.50677887160322,0
seq19309,0,0,0,0,0,0,0,0,0,0,0,0,0,0,0,0,0,0,0,0,0,0,0,0,-265.37531560533245,-257.25734449905076,-274.1667378985585,-271.8349046305762,-257.90642334164636,-256.8289146178289,-262.71843373210334,-264.7907921469547,0
seq19310,0,0,0,0,0,0,0,0,0,0,0,0,0,0,0,0,0,0,0,0,0,0,0,0,-265.9092861836037,-254.49337891389322,-272.19756074773437,-268.32518035908146,-259.0889570433484,-255.7226181782351,-261.1715229750067,-259.14508622009066,0
seq19311,0,0,0,0,0,0,0,0,0,0,0,0,0,0,0,0,0,0,0,0,0,0,0,0,-294.56174379414665,-285.430948909435,-298.7460111770397,-288.9165214734253,-282.8150398595208,-281.9325241527906,-283.3585402854388,-290.9717821657752,0
seq19312,0,0,0,0,0,0,0,0,0,0,0,0,0,0,0,0,0,0,0,0,0,0,0,0,-259.08457556342887,-253.52866883493135,-276.7183076515422,-257.97980828879975,-247.01750663232693,-255.63466554676612,-247.96025909581388,-265.42246174910366,0
seq19313,0,0,0,0,0,0,0,0,0,0,0,0,0,0,0,0,0,0,0,0,0,0,0,0,-213.7933859061916,-202.20277716169346,-249.05781145435665,-233.37296972597875,-225.04245251782586,-200.45020970113526,-233.95832744299128,-201.04682986063625,0
seq19314,0,0,0,0,0,0,0,0,0,0,0,0,0,0,0,0,0,0,0,0,0,0,0,0,-276.2221317596317,-266.1047535475087,-280.0261252175935,-266.4656192185419,-254.77950961120337,-263.0773910763191,-260.0326818693639,-274.5425330918496,0
seq19315,0,0,0,0,0,0,0,0,0,0,0,0,0,0,0,0,0,0,0,0,0,0,0,0,-340.8262857706689,-334.9832155824761,-346.76251693559817,-342.5065679233522,-329.99673501305756,-329.96456329612977,-340.68071186473907,-335.6547588174103,0
seq19316,0,0,0,0,0,0,0,0,0,0,0,0,0,0,0,0,0,0,0,0,0,0,0,0,-259.7361840994235,-250.97545053697675,-257.5649782136604,-265.90659331948433,-250.89984483534985,-249.03794750147492,-257.04345530742864,-252.7939256053003,0
seq19317,0,0,0,0,0,0,0,0,0,0,0,0,0,0,0,0,0,0,0,0,0,0,0,0,-200.95840950052013,-203.36755901650227,-226.81041203926884,-233.8873329953451,-215.06087181493353,-199.9792681602786,-230.16681525910082,-188.39041110177251,0
seq19318,0,0,0,0,0,0,0,0,0,0,0,0,0,0,0,0,0,0,0,0,0,0,0,0,-286.7327292548222,-283.50676038619855,-298.83818490905855,-282.26509568194825,-270.917833682552,-275.90079519946136,-277.19081076915694,-291.1291962071438,0
seq19319,0,0,0,0,0,0,0,0,0,0,0,0,0,0,0,0,0,0,0,0,0,0,0,0,-203.95687278008913,-209.90933474258026,-249.5419544851324,-242.8149913424446,-220.72162544465414,-205.0574376661421,-241.37611038921497,-198.03256770342608,0
seq19320,0,0,0,0,0,0,0,0,0,0,0,0,0,0,0,0,0,0,0,0,0,0,0,0,-280.09234099179133,-274.66261500463014,-282.32636069752243,-274.92142185678455,-267.6731426799751,-271.38405260412117,-262.6980555922159,-280.3330036852761,0
seq19321,0,0,0,0,0,0,0,0,0,0,0,0,0,0,0,0,0,0,0,0,0,0,0,0,-299.87997554432354,-290.7260895067685,-306.4332414618983,-295.97489202560183,-283.0656097000061,-289.4631190939503,-291.8353756610123,-296.50971735749494,0
seq19322,0,0,0,0,0,0,0,0,0,0,0,0,0,0,0,0,0,0,0,0,0,0,0,0,-243.79109041441257,-232.79513198281037,-261.9291137469519,-248.3200255832755,-234.54155608112035,-238.92954819992318,-229.9013853286279,-244.47299767636966,0
seq19323,0,0,0,0,0,0,0,0,0,0,0,0,0,0,0,0,0,0,0,0,0,0,0,0,-311.9802136100643,-305.4947824385688,-321.05883652926775,-310.0572609114659,-298.4323440918026,-309.2123174692919,-308.15660823053844,-317.80807200718533,0
seq19324,0,0,0,0,0,0,0,0,0,0,0,0,0,0,0,0,0,0,0,0,0,0,0,0,-249.3696617436277,-236.48184201256086,-270.74907702702785,-222.4317436300002,-232.69561286984674,-241.437986707848,-228.6129049945341,-256.3817283887511,0
seq19325,0,0,0,0,0,0,0,0,0,0,0,0,0,0,0,0,0,0,0,0,0,0,0,0,-199.759660632847,-200.58267361099976,-243.09224674594932,-232.57502845494022,-216.45402316949608,-209.6392325792013,-221.83201368907334,-207.69719192724236,0
seq19326,0,0,0,0,0,0,0,0,0,0,0,0,0,0,0,0,0,0,0,0,0,0,0,0,-281.9871686624036,-274.27095125592643,-285.32294212596656,-283.40229797745656,-266.22748462013857,-268.82573149412065,-278.854826569451,-274.06553145419804,0
seq19327,0,0,0,0,0,0,0,0,0,0,0,0,0,0,0,0,0,0,0,0,0,0,0,0,-262.8550706601934,-251.96573495346317,-270.3701608074096,-258.76197944579206,-246.30587792865646,-259.3841798787879,-249.07133568260306,-267.1322350846045,0
seq19328,0,0,0,0,0,0,0,0,0,0,0,0,0,0,0,0,0,0,0,0,0,0,0,0,-321.4271410939725,-313.168572078026,-323.56647565964505,-322.587670347624,-307.2536999656475,-310.3734694629227,-319.1019784001149,-316.8273056152424,0
seq19329,0,0,0,0,0,0,0,0,0,0,0,0,0,0,0,0,0,0,0,0,0,0,0,0,-321.43658095597436,-317.4831359294538,-326.46128242388625,-317.51271649453673,-304.51692802029964,-312.37357416573406,-315.28902626579674,-318.6115386461819,0
seq19330,0,0,0,0,0,0,0,0,0,0,0,0,0,0,0,0,0,0,0,0,0,0,0,0,-277.6108015064925,-272.45534443201734,-284.9294669249342,-268.4513409318552,-259.8882901097214,-268.45401055852625,-263.47524666032564,-278.3251877995885,0
seq19331,0,0,0,0,0,0,0,0,0,0,0,0,0,0,0,0,0,0,0,0,0,0,0,0,-263.2318103474787,-255.61242352978465,-266.83012264598756,-259.6623959914596,-249.30458656999878,-252.56111246344128,-246.85572591486547,-262.51346402010654,0
seq19332,0,0,0,0,0,0,0,0,0,0,0,0,0,0,0,0,0,0,0,0,0,0,0,0,-276.70001548757216,-270.6060717376416,-278.9652426296293,-283.4711312446107,-272.3386489355938,-270.3813370894463,-266.57247948165394,-276.3437485039338,0
seq19333,0,0,0,0,0,0,0,0,0,0,0,0,0,0,0,0,0,0,0,0,0,0,0,0,-242.07490605054556,-235.59299230931822,-253.79953037005333,-238.79650763077663,-231.77440116257566,-236.78572349074946,-228.15806146129668,-241.63316923880564,0
seq19334,0,0,0,0,0,0,0,0,0,0,0,0,0,0,0,0,0,0,0,0,0,0,0,0,-335.5262121808813,-329.5379284055953,-342.8834195203247,-334.02248746953876,-320.33386670240884,-329.68747031334766,-330.47487867411843,-340.2205032975994,0
seq19335,0,0,0,0,0,0,0,0,0,0,0,0,0,0,0,0,0,0,0,0,0,0,0,0,-323.1711342428508,-312.4433213509047,-327.5547287447458,-316.58351016736646,-307.69652954809277,-315.8803415245522,-314.49171430744315,-323.2862085684851,0
seq19336,0,0,0,0,0,0,0,0,0,0,0,0,0,0,0,0,0,0,0,0,0,0,0,0,-271.68485712932414,-258.9175506961455,-280.35349510005494,-269.2101462635507,-255.9585141230304,-267.1114281445096,-265.7262151765955,-273.90234739258244,0
seq19337,0,0,0,0,0,0,0,0,0,0,0,0,0,0,0,0,0,0,0,0,0,0,0,0,-257.4566499670256,-251.60901966319605,-261.78544821029175,-264.46617974405984,-251.1653397626112,-246.3000247200666,-257.45306732212805,-257.22326864835657,0
seq19338,0,0,0,0,0,0,0,0,0,0,0,0,0,0,0,0,0,0,0,0,0,0,0,0,-311.6538316841568,-299.8816773351223,-319.33679913825245,-294.995627798914,-294.8166343668716,-298.8826217183762,-295.19942803709415,-309.2114046896001,0
seq19339,0,0,0,0,0,0,0,0,0,0,0,0,0,0,0,0,0,0,0,0,0,0,0,0,-288.2930213579368,-279.0907503328147,-285.17415579861483,-287.070408918821,-274.6030441069261,-271.79941038929064,-277.8015686016193,-279.8488231543475,0
seq19340,0,0,0,0,0,0,0,0,0,0,0,0,0,0,0,0,0,0,0,0,0,0,0,0,-252.7569975632764,-241.1883840451408,-265.6184299671423,-230.9473683371578,-239.46578880073758,-242.07009450886605,-232.12800089324207,-253.9491163226824,0
seq19341,0,0,0,0,0,0,0,0,0,0,0,0,0,0,0,0,0,0,0,0,0,0,0,0,-293.49628100083663,-282.9996159208265,-291.22958475239653,-289.11668361242454,-271.71146532722537,-285.6486610158808,-285.83201239410704,-290.56409433585145,0
seq19342,0,0,0,0,0,0,0,0,0,0,0,0,0,0,0,0,0,0,0,0,0,0,0,0,-311.60389385878165,-304.7072426657412,-310.3016113050147,-308.50833418146516,-300.7956686556829,-299.9191199405224,-301.44806123273275,-308.12067597005955,0
seq19343,0,0,0,0,0,0,0,0,0,0,0,0,0,0,0,0,0,0,0,0,0,0,0,0,-326.82631612264356,-319.22288159449033,-320.2803016086499,-320.89064860035603,-308.2541854133749,-316.64221219713863,-307.67714543167347,-325.1530616352057,0
seq19344,0,0,0,0,0,0,0,0,0,0,0,0,0,0,0,0,0,0,0,0,0,0,0,0,-291.3811260006147,-285.5941585870377,-300.36698844704625,-297.3418613124781,-283.0343144474494,-290.61386053498035,-282.3461287536277,-294.09849458747897,0
seq19345,0,0,0,0,0,0,0,0,0,0,0,0,0,0,0,0,0,0,0,0,0,0,0,0,-280.47671728570947,-273.6175782351817,-282.69378564995463,-288.46563152458805,-268.6297965052323,-272.92406143190226,-273.02881572735873,-275.58892109093307,0
seq19346,0,0,0,0,0,0,0,0,0,0,0,0,0,0,0,0,0,0,0,0,0,0,0,0,-274.170009906946,-267.88915185284054,-285.5179127548522,-270.7748850920984,-259.44364020364185,-265.6490847529289,-266.1152322836453,-275.8389090991837,0
seq19347,0,0,0,0,0,0,0,0,0,0,0,0,0,0,0,0,0,0,0,0,0,0,0,0,-358.95805244350754,-351.6488249506874,-360.82284660847273,-355.3802474524602,-345.40101117538626,-353.16790452209955,-355.2402268801926,-358.30596401542516,0
seq19348,0,0,0,0,0,0,0,0,0,0,0,0,0,0,0,0,0,0,0,0,0,0,0,0,-285.3538401597706,-270.25561400128686,-292.3189197011594,-260.5873582583876,-268.4855977436161,-269.1509340095253,-259.2903836756956,-281.47602320691544,0
seq19349,0,0,0,0,0,0,0,0,0,0,0,0,0,0,0,0,0,0,0,0,0,0,0,0,-294.52244387671107,-286.3523754335141,-298.1787610021763,-290.5929916205303,-272.3879765591279,-281.203327679425,-285.45450537450455,-290.22929174753324,0
seq19350,0,0,0,0,0,0,0,0,0,0,0,0,0,0,0,0,0,0,0,0,0,0,0,0,-274.776354800126,-259.45644671619874,-284.8635945730285,-244.87260084009876,-256.197108392159,-256.8176998747741,-247.55199423268547,-269.7315264872545,0
seq19351,0,0,0,0,0,0,0,0,0,0,0,0,0,0,0,0,0,0,0,0,0,0,0,0,-326.30811354469984,-318.0294278419624,-330.5339024575406,-318.29869691025874,-304.5216809461085,-313.02593055846955,-314.7361196204433,-321.5252825289358,0
seq19352,0,0,0,0,0,0,0,0,0,0,0,0,0,0,0,0,0,0,0,0,0,0,0,0,-306.2857984838221,-301.18479779968476,-306.94049536292283,-306.49291316465485,-295.2512481505926,-298.8634943551476,-298.0623550129745,-306.8008133030166,0
seq19353,0,0,0,0,0,0,0,0,0,0,0,0,0,0,0,0,0,0,0,0,0,0,0,0,-339.7151246034217,-335.65747801683045,-330.8523209566229,-332.8948048759397,-320.21578172304964,-331.38551909717336,-324.38081148592437,-335.25393605114505,0
seq19354,0,0,0,0,0,0,0,0,0,0,0,0,0,0,0,0,0,0,0,0,0,0,0,0,-287.72702594294253,-282.8058936164421,-297.4248162315809,-288.28555737342134,-271.37083649270073,-286.41513712864804,-281.59856977046326,-293.4141137604154,0
seq19355,0,0,0,0,0,0,0,0,0,0,0,0,0,0,0,0,0,0,0,0,0,0,0,0,-292.2453349206696,-278.39618959779926,-295.1084753584978,-285.7894476581054,-267.77309674517767,-277.6832331062017,-281.61730782567145,-290.98857576745723,0
seq19356,0,0,0,0,0,0,0,0,0,0,0,0,0,0,0,0,0,0,0,0,0,0,0,0,-316.8495194668996,-308.25102589820176,-318.3113386504406,-306.92582120678173,-297.2639025759884,-308.62472191788845,-301.3125716319321,-321.7704649638213,0
seq19357,0,0,0,0,0,0,0,0,0,0,0,0,0,0,0,0,0,0,0,0,0,0,0,0,-294.7742983189191,-288.88329210975314,-304.1622136769479,-291.02599204330903,-283.26733127030406,-286.71832612226814,-289.1854468339985,-296.8727867293932,0
seq19358,0,0,0,0,0,0,0,0,0,0,0,0,0,0,0,0,0,0,0,0,0,0,0,0,-266.9444761946456,-256.996218974425,-281.92647001591456,-246.13720889223862,-253.1660419775314,-255.4798109633879,-248.9217998637036,-265.8801995691183,0
seq19359,0,0,0,0,0,0,0,0,0,0,0,0,0,0,0,0,0,0,0,0,0,0,0,0,-258.07609119885973,-246.57297293486553,-262.70463230541844,-259.97427066691375,-247.0991937798239,-250.53947070289436,-253.9215581336475,-256.27732140949615,0
seq19360,0,0,0,0,0,0,0,0,0,0,0,0,0,0,0,0,0,0,0,0,0,0,0,0,-313.0385333394456,-308.31042259115236,-318.59796270339984,-314.0345636066646,-300.1265358562199,-308.63081267406443,-310.70780594678183,-313.5516153106078,0
seq19361,0,0,0,0,0,0,0,0,0,0,0,0,0,0,0,0,0,0,0,0,0,0,0,0,-268.3292931279468,-259.4724403025229,-272.36552720691907,-265.6824757541982,-255.9015022751804,-257.15801594254776,-259.51326650847284,-266.6409566123162,0
seq19362,0,0,0,0,0,0,0,0,0,0,0,0,0,0,0,0,0,0,0,0,0,0,0,0,-273.0255399567759,-270.2085677130108,-285.84900434400595,-275.45296379381415,-261.0651450634851,-268.7373532687904,-268.75163098306206,-273.23543364102176,0
seq19363,0,0,0,0,0,0,0,0,0,0,0,0,0,0,0,0,0,0,0,0,0,0,0,0,-308.57631025004576,-299.98536482742946,-316.43551161855964,-310.72988348998985,-294.4001714485321,-296.17837856943424,-299.7689287682006,-306.5270280053629,0
seq19364,0,0,0,0,0,0,0,0,0,0,0,0,0,0,0,0,0,0,0,0,0,0,0,0,-599.4606303889677,-592.6214280273405,-593.8264928008642,-586.2325311754606,-578.9581872988344,-591.6858954658137,-584.7147987416478,-602.0767413823168,0
seq19365,0,0,0,0,0,0,0,0,0,0,0,0,0,0,0,0,0,0,0,0,0,0,0,0,-193.76805670933157,-213.41056390452715,-240.63089879941842,-241.8288049164728,-225.5862330920294,-202.07278076142046,-237.59849626664987,-205.28082761200747,0
seq19366,0,0,0,0,0,0,0,0,0,0,0,0,0,0,0,0,0,0,0,0,0,0,0,0,-324.46311578464463,-319.8428360567924,-315.17732517922263,-319.0642974574281,-312.4033755579705,-317.9121059973311,-311.0803855540452,-323.75076841220937,0
seq19367,0,0,0,0,0,0,0,0,0,0,0,0,0,0,0,0,0,0,0,0,0,0,0,0,-295.10014649941843,-289.0804332657263,-303.3943852386967,-296.54859932250446,-286.42079863426073,-286.30725584220346,-288.91515266358755,-295.93330750880847,0
seq19368,0,0,0,0,0,0,0,0,0,0,0,0,0,0,0,0,0,0,0,0,0,0,0,0,-253.21454935307412,-244.10411190566063,-266.7533135360948,-254.49553281381247,-243.28996188017274,-244.24189245634554,-236.95957707432837,-248.14189958698836,0
seq19369,0,0,0,0,0,0,0,0,0,0,0,0,0,0,0,0,0,0,0,0,0,0,0,0,-268.94507815004596,-262.90284390647673,-274.8151716331608,-275.3405488228023,-262.0479528017725,-260.56096459374254,-268.557856071496,-266.755742350983,0
seq19370,0,0,0,0,0,0,0,0,0,0,0,0,0,0,0,0,0,0,0,0,0,0,0,0,-289.183317357181,-278.1169904813179,-292.59464773547967,-281.84295248024813,-271.4217058686612,-279.77987886109156,-279.3301645511008,-288.7558923109266,0
seq19371,0,0,0,0,0,0,0,0,0,0,0,0,0,0,0,0,0,0,0,0,0,0,0,0,-301.02353263626276,-294.1906859525035,-304.6086052341612,-302.69426822661677,-285.64946308345804,-285.85164355244893,-290.03470694419525,-298.36589671899384,0
seq19372,0,0,0,0,0,0,0,0,0,0,0,0,0,0,0,0,0,0,0,0,0,0,0,0,-280.53779916392716,-272.5706004755084,-290.4798886561692,-270.8342930310544,-259.9603713465034,-270.0698512798636,-262.27544329783524,-280.13903944154964,0
seq19373,0,0,0,0,0,0,0,0,0,0,0,0,0,0,0,0,0,0,0,0,0,0,0,0,-325.29394029433274,-318.1328769805305,-316.72299183279523,-314.2386109694101,-306.5726153678035,-315.9813299375447,-315.0003762190063,-315.1552700091698,0
seq19374,0,0,0,0,0,0,0,0,0,0,0,0,0,0,0,0,0,0,0,0,0,0,0,0,-256.60995781639673,-245.61826138066746,-260.39867126204837,-255.8006918189156,-244.9754878880395,-242.90275430418376,-251.0441899508596,-255.1676331439366,0
seq19375,0,0,0,0,0,0,0,0,0,0,0,0,0,0,0,0,0,0,0,0,0,0,0,0,-332.8990337360857,-328.01581008558304,-333.5749502175033,-339.1224613609227,-323.9345654774979,-326.2680022370448,-330.1679415494449,-329.9474581979349,0
seq19376,0,0,0,0,0,0,0,0,0,0,0,0,0,0,0,0,0,0,0,0,0,0,0,0,-296.3273267469962,-287.71604006623005,-306.0999032329228,-295.7399445844534,-283.46893683371025,-288.5619034149284,-291.4023718949234,-294.1553902983255,0
seq19377,0,0,0,0,0,0,0,0,0,0,0,0,0,0,0,0,0,0,0,0,0,0,0,0,-302.9601010642692,-292.1153535641577,-313.6134182362796,-292.5586847005857,-278.30520432137666,-292.0754541476922,-288.9258204522279,-304.37135869341347,0
seq19378,0,0,0,0,0,0,0,0,0,0,0,0,0,0,0,0,0,0,0,0,0,0,0,0,-266.76435064806884,-257.27589672814304,-280.95533478886307,-250.5755137752932,-249.58432296712283,-254.46335729003167,-253.06999988901003,-265.6163075312274,0
seq19379,0,0,0,0,0,0,0,0,0,0,0,0,0,0,0,0,0,0,0,0,0,0,0,0,-354.92669947165876,-347.2569832971441,-354.7328806342616,-346.9509231713768,-333.41444270917515,-341.0196436096072,-343.3731006978958,-350.9082683342341,0
seq19380,0,0,0,0,0,0,0,0,0,0,0,0,0,0,0,0,0,0,0,0,0,0,0,0,-256.2572454178201,-242.34920737191254,-279.4297249459589,-250.7917122474722,-236.7076160019705,-246.19803224542144,-239.33918097485207,-258.31668674169373,0
seq19381,0,0,0,0,0,0,0,0,0,0,0,0,0,0,0,0,0,0,0,0,0,0,0,0,-314.7021706638508,-311.5588895662099,-330.6195998224177,-316.5020611912466,-304.541786901897,-309.04457167690305,-314.92620723941013,-316.83346382616156,0
seq19382,0,0,0,0,0,0,0,0,0,0,0,0,0,0,0,0,0,0,0,0,0,0,0,0,-265.4268322539516,-260.5150550968255,-279.25897976591284,-261.9004064970178,-254.0073368511795,-257.0338497836279,-249.10113056606036,-272.0330611451382,0
seq19383,0,0,0,0,0,0,0,0,0,0,0,0,0,0,0,0,0,0,0,0,0,0,0,0,-267.6515940460408,-265.75390904994606,-275.8762800880567,-272.40064882449684,-261.9063133220018,-260.58842561364713,-260.6057689152289,-266.7773267081337,0
seq19384,0,0,0,0,0,0,0,0,0,0,0,0,0,0,0,0,0,0,0,0,0,0,0,0,-296.63416363605336,-283.6754336693829,-303.2472964313218,-269.4119425085772,-276.26840151869965,-281.842953659143,-278.10113128840885,-296.6397362911623,0
seq19385,0,0,0,0,0,0,0,0,0,0,0,0,0,0,0,0,0,0,0,0,0,0,0,0,-318.5788890124703,-312.46652668803966,-321.83679041898546,-314.71596778963857,-302.6129340903867,-313.2356662788339,-314.3690377522601,-325.8552092251838,0
seq19386,0,0,0,0,0,0,0,0,0,0,0,0,0,0,0,0,0,0,0,0,0,0,0,0,-232.79451406877277,-225.7915861200287,-267.52799738498,-209.89685747615624,-206.1667086406145,-229.94448392191845,-215.3871703913047,-243.35656051903698,0
seq19387,0,0,0,0,0,0,0,0,0,0,0,0,0,0,0,0,0,0,0,0,0,0,0,0,-248.7573090852502,-243.50579681678462,-258.2140021708846,-254.87050722683506,-244.4957675709501,-238.79974980180214,-243.62281159273834,-249.7319169141317,0
seq19388,0,0,0,0,0,0,0,0,0,0,0,0,0,0,0,0,0,0,0,0,0,0,0,0,-266.41701826572415,-251.69085933562766,-274.32917848429724,-238.8988556047058,-254.1540830184475,-251.6714390054758,-247.71198335906186,-267.1431925191386,0
seq19389,0,0,0,0,0,0,0,0,0,0,0,0,0,0,0,0,0,0,0,0,0,0,0,0,-255.90976552919594,-246.22365733955382,-272.31913366884555,-229.93385422803502,-241.10471864404244,-243.35254330533385,-221.8358240122521,-263.52552636576775,0
seq19390,0,0,0,0,0,0,0,0,0,0,0,0,0,0,0,0,0,0,0,0,0,0,0,0,-307.33918019076174,-300.21636906724757,-306.5074770885402,-302.8330769211497,-291.56992350853017,-301.78220165461954,-299.10486132556355,-304.6223186118523,0
seq19391,0,0,0,0,0,0,0,0,0,0,0,0,0,0,0,0,0,0,0,0,0,0,0,0,-261.60127561261163,-253.587782214912,-276.4087799248157,-254.1986714882676,-246.18067950294554,-255.38108437729286,-239.17657134672336,-272.2934890520238,0
seq19392,0,0,0,0,0,0,0,0,0,0,0,0,0,0,0,0,0,0,0,0,0,0,0,0,-266.2574399191182,-257.63123030792167,-276.8114901317992,-266.23649720445866,-254.70331425471701,-258.8820787323027,-259.8492276162423,-266.8560961630957,0
seq19393,0,0,0,0,0,0,0,0,0,0,0,0,0,0,0,0,0,0,0,0,0,0,0,0,-277.238975848577,-267.4143617941447,-276.8703405284761,-274.8480605652114,-256.19709715740913,-266.07547403897297,-261.3909060401812,-271.9257199115746,0
seq19394,0,0,0,0,0,0,0,0,0,0,0,0,0,0,0,0,0,0,0,0,0,0,0,0,-255.86623913526424,-242.60321928061495,-273.3598703955964,-229.64651732813923,-238.63843946804238,-244.25698522953263,-241.0850803117993,-256.8053185983332,0
seq19395,0,0,0,0,0,0,0,0,0,0,0,0,0,0,0,0,0,0,0,0,0,0,0,0,-305.7763263671996,-299.87350296019895,-310.9361192740474,-306.4308415195309,-292.22940126130555,-300.2380026283314,-304.3918210128272,-306.22261629644504,0
seq19396,0,0,0,0,0,0,0,0,0,0,0,0,0,0,0,0,0,0,0,0,0,0,0,0,-351.0120292258073,-345.7230744361836,-357.10307272552046,-347.9518940259506,-338.67426388006436,-344.5460894123877,-347.13875602179127,-350.8141643269846,0
seq19397,0,0,0,0,0,0,0,0,0,0,0,0,0,0,0,0,0,0,0,0,0,0,0,0,-217.368099065681,-208.63852626477887,-248.53865898588597,-239.6891176841818,-224.34119465410785,-197.84684598889237,-234.81405980968393,-190.71038247909263,0
seq19398,0,0,0,0,0,0,0,0,0,0,0,0,0,0,0,0,0,0,0,0,0,0,0,0,-260.8868529155269,-251.4981008926709,-270.5454257142916,-255.57963362791904,-242.56178344044267,-251.52384857468107,-252.08606244022505,-264.2564835922555,0
seq19399,0,0,0,0,0,0,0,0,0,0,0,0,0,0,0,0,0,0,0,0,0,0,0,0,-315.5544002050239,-306.5769522497984,-317.2541793899731,-308.71249753778727,-299.2808993171483,-306.0254253651983,-306.3289857957938,-314.7694812127547,0
seq19400,0,0,0,0,0,0,0,0,0,0,0,0,0,0,0,0,0,0,0,0,0,0,0,0,-258.335801464717,-250.99099338719824,-271.6425478481151,-260.441355202767,-248.03734221090167,-252.6723979848842,-251.88010699563142,-257.37483603285546,0
seq19401,0,0,0,0,0,0,0,0,0,0,0,0,0,0,0,0,0,0,0,0,0,0,0,0,-306.2859576545185,-299.9035850653793,-309.3100689033985,-314.0077647442867,-297.9943798517752,-303.9362956969758,-308.58219146027227,-302.97236200522013,0
seq19402,0,0,0,0,0,0,0,0,0,0,0,0,0,0,0,0,0,0,0,0,0,0,0,0,-312.0699172204292,-301.0754892574223,-317.9344636633299,-305.7446247948486,-292.13528858245564,-299.8651364366757,-300.3014031148485,-303.1026442775415,0
seq19403,0,0,0,0,0,0,0,0,0,0,0,0,0,0,0,0,0,0,0,0,0,0,0,0,-278.551537742275,-267.7032658716261,-276.558325771909,-267.6562095966612,-261.51647027013195,-268.6574786144957,-264.62475535605324,-273.1663281167035,0
seq19404,0,0,0,0,0,0,0,0,0,0,0,0,0,0,0,0,0,0,0,0,0,0,0,0,-248.89335045790344,-242.68891215661324,-268.30566693565606,-250.84288513203973,-231.8787377650218,-245.4538668458133,-238.891249643849,-253.6369657057833,0
seq19405,0,0,0,0,0,0,0,0,0,0,0,0,0,0,0,0,0,0,0,0,0,0,0,0,-296.42240047523944,-290.22860230170187,-296.3933447749087,-297.1829660891792,-283.7498749009388,-291.96293839218686,-296.55053750433774,-301.32469041604315,0
seq19406,0,0,0,0,0,0,0,0,0,0,0,0,0,0,0,0,0,0,0,0,0,0,0,0,-263.79303849624813,-262.7549001074122,-275.9434850463354,-270.42790589192106,-255.417172804431,-265.1315973796007,-258.1017072056459,-269.1965553328083,0
seq19407,0,0,0,0,0,0,0,0,0,0,0,0,0,0,0,0,0,0,0,0,0,0,0,0,-341.62198649090067,-333.2539945903073,-341.391181970613,-334.38495649342894,-325.7136393996787,-332.18122634213586,-334.6625790375666,-340.02941341810697,0
seq19408,0,0,0,0,0,0,0,0,0,0,0,0,0,0,0,0,0,0,0,0,0,0,0,0,-248.8505722594839,-234.423658306017,-260.5741468069046,-226.09794786784357,-235.04324558209805,-237.91185814499553,-229.50190711334793,-250.29120613399766,0
seq19409,0,0,0,0,0,0,0,0,0,0,0,0,0,0,0,0,0,0,0,0,0,0,0,0,-300.4394213685169,-290.4389367167373,-306.1125437377582,-296.2795703203066,-281.2309407683756,-290.828609522233,-294.3487165710029,-301.48740628751995,0
seq19410,0,0,0,0,0,0,0,0,0,0,0,0,0,0,0,0,0,0,0,0,0,0,0,0,-320.8981627172564,-312.64121828842775,-322.6464010380766,-324.55222065737144,-311.1701242066368,-314.47219657767465,-316.8884467025029,-317.0864373756584,0
seq19411,0,0,0,0,0,0,0,0,0,0,0,0,0,0,0,0,0,0,0,0,0,0,0,0,-301.7364062515192,-288.3275404602045,-313.20110321115,-279.49519615983166,-284.8764514780918,-289.44616838502833,-288.2894267308413,-298.55051096561095,0
seq19412,0,0,0,0,0,0,0,0,0,0,0,0,0,0,0,0,0,0,0,0,0,0,0,0,-262.9650423174072,-257.19500532476957,-278.2590301756329,-262.83735610812374,-254.74365218112547,-257.10518820407674,-250.95540069287142,-263.2226147780851,0
seq19413,0,0,0,0,0,0,0,0,0,0,0,0,0,0,0,0,0,0,0,0,0,0,0,0,-300.28228319394185,-290.2029763087753,-309.0680817777697,-300.34117131359244,-288.6044427711358,-292.51000739237566,-289.68780977948194,-296.55389573391324,0
seq19414,0,0,0,0,0,0,0,0,0,0,0,0,0,0,0,0,0,0,0,0,0,0,0,0,-292.22913417996847,-285.3634891924307,-296.4589317551359,-297.64722823630814,-284.25446184857464,-283.2595803846859,-285.1330580156375,-286.6720663320961,0
seq19415,0,0,0,0,0,0,0,0,0,0,0,0,0,0,0,0,0,0,0,0,0,0,0,0,-348.4272199023972,-342.20755211604427,-339.7409442124422,-336.36175702099536,-335.0670375774935,-338.16914223584183,-337.94273535378744,-346.7310187890822,0
seq19416,0,0,0,0,0,0,0,0,0,0,0,0,0,0,0,0,0,0,0,0,0,0,0,0,-268.46801898817813,-258.25319561615015,-274.91168291668737,-269.08160718961045,-252.7062515660853,-252.33589119975767,-258.6781087803734,-263.7469604323702,0
seq19417,0,0,0,0,0,0,0,0,0,0,0,0,0,0,0,0,0,0,0,0,0,0,0,0,-240.48122454913002,-237.61730292984367,-254.04348805744874,-244.69836555172188,-237.6788931234005,-235.74938779945705,-225.84996573821755,-244.73156697026945,0
seq19418,0,0,0,0,0,0,0,0,0,0,0,0,0,0,0,0,0,0,0,0,0,0,0,0,-246.28701275292852,-229.70635182975622,-261.9163526266821,-219.3362416700364,-225.52814839504933,-230.6917590774164,-219.30204406695373,-243.7495304949818,0
seq19419,0,0,0,0,0,0,0,0,0,0,0,0,0,0,0,0,0,0,0,0,0,0,0,0,-285.2030527459393,-274.68283719690874,-290.631710635355,-285.45021864316146,-266.61744458688196,-275.2096034285489,-275.9935155721069,-282.46242702670236,0
seq19420,0,0,0,0,0,0,0,0,0,0,0,0,0,0,0,0,0,0,0,0,0,0,0,0,-244.2904972099277,-230.2088637097153,-265.2065959770997,-223.52806644689346,-229.7853780612934,-237.6620118958311,-221.0226940285682,-252.28591770303046,0
seq19421,0,0,0,0,0,0,0,0,0,0,0,0,0,0,0,0,0,0,0,0,0,0,0,0,-308.9941342027992,-305.59513375062977,-313.17452236763546,-313.84392926202065,-299.51263853136254,-307.2422802567366,-302.73217482281814,-309.1943399068713,0
seq19422,0,0,0,0,0,0,0,0,0,0,0,0,0,0,0,0,0,0,0,0,0,0,0,0,-323.17561978636746,-313.9418036095999,-321.1716115561113,-322.18524617145135,-311.16289057989565,-309.27357065646396,-308.5977710010322,-319.6294398726157,0
seq19423,0,0,0,0,0,0,0,0,0,0,0,0,0,0,0,0,0,0,0,0,0,0,0,0,-275.28422866477723,-264.999283045632,-277.2167098814419,-273.5628285296663,-267.20314517019614,-265.34712313880044,-261.45262338134904,-267.6744307145156,0
seq19424,0,0,0,0,0,0,0,0,0,0,0,0,0,0,0,0,0,0,0,0,0,0,0,0,-263.33418448962266,-254.6381745219051,-270.6976389534611,-264.9128925611091,-252.23975585646863,-253.06277402847417,-258.64624815303335,-268.7613551530446,0
seq19425,0,0,0,0,0,0,0,0,0,0,0,0,0,0,0,0,0,0,0,0,0,0,0,0,-249.69678941991975,-244.26416114712808,-260.4291128326162,-255.31735493334355,-244.71156527010757,-243.83076458361754,-243.18213925559215,-252.79326535617852,0
seq19426,0,0,0,0,0,0,0,0,0,0,0,0,0,0,0,0,0,0,0,0,0,0,0,0,-264.4869176440987,-261.30414900654335,-282.7582895319592,-271.0023125842219,-261.4903580370863,-262.0335135663125,-260.4994415095148,-269.93751209273574,0
seq19427,0,0,0,0,0,0,0,0,0,0,0,0,0,0,0,0,0,0,0,0,0,0,0,0,-323.94889290610075,-316.654025797849,-327.42808083245075,-317.5503274326985,-307.82975821986304,-313.88815220838046,-318.05770448150287,-324.6644339015898,0
seq19428,0,0,0,0,0,0,0,0,0,0,0,0,0,0,0,0,0,0,0,0,0,0,0,0,-259.6561771098164,-251.19484494600928,-262.71055163728767,-268.6400104255595,-253.99473530799384,-251.91990708342692,-253.88776029875933,-258.2674520872118,0
seq19429,0,0,0,0,0,0,0,0,0,0,0,0,0,0,0,0,0,0,0,0,0,0,0,0,-279.67820936451415,-272.13338388443015,-288.6118836345047,-288.6534903747495,-263.198638811165,-272.2387708133881,-279.114439401175,-276.7986112753205,0
seq19430,0,0,0,0,0,0,0,0,0,0,0,0,0,0,0,0,0,0,0,0,0,0,0,0,-286.7599039171793,-281.557890844368,-293.55031542632264,-288.2245915025393,-274.83259883191175,-285.11546717327013,-286.6909808095614,-286.26057370141854,0
seq19431,0,0,0,0,0,0,0,0,0,0,0,0,0,0,0,0,0,0,0,0,0,0,0,0,-320.0632114332252,-310.9388494360724,-322.93201497086363,-315.4929934122957,-303.03978061116635,-310.64624294500493,-309.1108368289992,-317.4419695259521,0
seq19432,0,0,0,0,0,0,0,0,0,0,0,0,0,0,0,0,0,0,0,0,0,0,0,0,-212.9011194377635,-212.5418191348301,-245.8820420894941,-247.8635907309515,-227.63408236888964,-200.8552795192211,-242.9926341448902,-190.2137737340918,0
seq19433,0,0,0,0,0,0,0,0,0,0,0,0,0,0,0,0,0,0,0,0,0,0,0,0,-251.8905352344612,-244.41192266286342,-258.65077046864656,-253.46453258713663,-240.61108330369652,-245.40075400119593,-241.97169994874815,-255.45091798014275,0
seq19434,0,0,0,0,0,0,0,0,0,0,0,0,0,0,0,0,0,0,0,0,0,0,0,0,-318.93383168238205,-311.3890766210272,-327.228427791481,-310.82380985257737,-301.07335618155037,-310.26468539882245,-308.3771630423765,-320.03708741172,0
seq19435,0,0,0,0,0,0,0,0,0,0,0,0,0,0,0,0,0,0,0,0,0,0,0,0,-328.3268987121501,-322.8829325793958,-330.7129787501188,-319.8903527765568,-306.12255258573555,-318.199407513501,-313.55464602480265,-328.992214316297,0
seq19436,0,0,0,0,0,0,0,0,0,0,0,0,0,0,0,0,0,0,0,0,0,0,0,0,-293.1292641972148,-287.82552244398795,-303.18150475087975,-289.7664695715866,-285.1766320498178,-285.4519553668731,-290.0380496881169,-292.712665115096,0
seq19437,0,0,0,0,0,0,0,0,0,0,0,0,0,0,0,0,0,0,0,0,0,0,0,0,-282.8387821567775,-278.1361036090742,-291.662670985291,-276.5568395668377,-266.73834315346323,-275.45940315185993,-269.4529732597666,-282.2710799025924,0
seq19438,0,0,0,0,0,0,0,0,0,0,0,0,0,0,0,0,0,0,0,0,0,0,0,0,-446.5061717730175,-448.6575040860971,-444.890271898483,-440.70277784156605,-445.2784252177674,-446.74195352587134,-445.75486378585424,-448.2375300412658,0
seq19439,0,0,0,0,0,0,0,0,0,0,0,0,0,0,0,0,0,0,0,0,0,0,0,0,-327.11493429217796,-320.78358809159363,-328.9380785905469,-322.23951309244546,-308.77880461785554,-315.2230276894785,-314.6103565693574,-323.9279808793866,0
seq19440,0,0,0,0,0,0,0,0,0,0,0,0,0,0,0,0,0,0,0,0,0,0,0,0,-267.0159674614066,-254.61624770194078,-275.82557348400843,-239.79618836214624,-249.43694282922098,-253.72850183236292,-244.73916859306388,-266.6288466983907,0
seq19441,0,0,0,0,0,0,0,0,0,0,0,0,0,0,0,0,0,0,0,0,0,0,0,0,-206.37219306702414,-206.6982108655277,-240.55175464645757,-240.61187109345605,-222.90319940669107,-203.8447936319097,-237.83350494321036,-200.75381919116754,0
seq19442,0,0,0,0,0,0,0,0,0,0,0,0,0,0,0,0,0,0,0,0,0,0,0,0,-259.9613631015772,-250.83301354283478,-267.33230308728395,-263.96811302871487,-248.42471996668633,-254.83095021387496,-257.7521450541878,-262.5823294389088,0
seq19443,0,0,0,0,0,0,0,0,0,0,0,0,0,0,0,0,0,0,0,0,0,0,0,0,-327.8573478415494,-321.2012218752419,-325.5894714729534,-326.24701669690717,-311.249709692082,-315.8957170234665,-319.9560545548379,-322.4370730147964,0
seq19444,0,0,0,0,0,0,0,0,0,0,0,0,0,0,0,0,0,0,0,0,0,0,0,0,-303.87408393554244,-304.11522421475877,-306.96026776391403,-315.9622743000222,-303.8381471652779,-308.9835993687166,-310.573698948085,-309.61609594084257,0
seq19445,0,0,0,0,0,0,0,0,0,0,0,0,0,0,0,0,0,0,0,0,0,0,0,0,-265.0246512119804,-256.06728543153906,-272.9268031829748,-259.9188976554231,-245.82075378611492,-253.4818520574201,-247.55543849378645,-263.8409088906933,0
seq19446,0,0,0,0,0,0,0,0,0,0,0,0,0,0,0,0,0,0,0,0,0,0,0,0,-278.43241218237364,-272.85667814705636,-284.32989561968554,-272.5444050696788,-263.89256719322054,-266.4315660876954,-263.5444892427438,-275.9694280873783,0
seq19447,0,0,0,0,0,0,0,0,0,0,0,0,0,0,0,0,0,0,0,0,0,0,0,0,-297.994219216875,-292.4972410026698,-301.1792600517126,-298.09105168730883,-286.439135699426,-288.3785336530413,-292.3421396682893,-295.0229319542084,0
seq19448,0,0,0,0,0,0,0,0,0,0,0,0,0,0,0,0,0,0,0,0,0,0,0,0,-252.1321733251648,-245.11224330391278,-263.4260257530892,-250.40614999335637,-240.71870942708722,-243.64515178294695,-236.18149184033174,-250.49772571032437,0
seq19449,0,0,0,0,0,0,0,0,0,0,0,0,0,0,0,0,0,0,0,0,0,0,0,0,-264.33884106876803,-257.00970960417726,-265.1704453818514,-273.67950120406203,-258.4416354941278,-260.2565636281876,-262.2690462899014,-265.4834340940477,0
seq19450,0,0,0,0,0,0,0,0,0,0,0,0,0,0,0,0,0,0,0,0,0,0,0,0,-297.28667151569147,-291.52534850106866,-304.4201227907843,-300.05635386075585,-279.6411469537632,-289.4118692057547,-289.7718333442167,-296.3997379605079,0
seq19451,0,0,0,0,0,0,0,0,0,0,0,0,0,0,0,0,0,0,0,0,0,0,0,0,-305.8317351447611,-298.88725766163645,-313.52299061629867,-304.55918215769026,-294.73012702292834,-299.1713981126492,-292.3392724285961,-304.69846560923514,0
seq19452,0,0,0,0,0,0,0,0,0,0,0,0,0,0,0,0,0,0,0,0,0,0,0,0,-262.69224553189827,-252.93412083443255,-268.85027897446787,-266.9015137225944,-253.13388444672003,-251.51747894395706,-257.3102720573355,-263.63141548621314,0
seq19453,0,0,0,0,0,0,0,0,0,0,0,0,0,0,0,0,0,0,0,0,0,0,0,0,-313.6155795423007,-304.7032901422935,-319.8381210420388,-307.1858173685097,-295.59531988241093,-301.7689210280098,-303.4488057557045,-313.63560684228986,0
seq19454,0,0,0,0,0,0,0,0,0,0,0,0,0,0,0,0,0,0,0,0,0,0,0,0,-317.32703455206473,-308.3399489627688,-320.6734242821382,-316.8146035178066,-302.67096201634183,-310.07433904429115,-309.4790006061314,-317.8624422698457,0
seq19455,0,0,0,0,0,0,0,0,0,0,0,0,0,0,0,0,0,0,0,0,0,0,0,0,-312.68591522803086,-307.5063558474206,-312.68240185008693,-309.4411801963671,-301.3082844801221,-302.8847837304991,-305.87757068477964,-310.4886675806107,0
seq19456,0,0,0,0,0,0,0,0,0,0,0,0,0,0,0,0,0,0,0,0,0,0,0,0,-222.3482860700023,-224.69617660628063,-259.3544033672937,-229.0753374695093,-222.63736786503748,-229.5894518910665,-201.58343620935264,-241.04617093032317,0
seq19457,0,0,0,0,0,0,0,0,0,0,0,0,0,0,0,0,0,0,0,0,0,0,0,0,-220.3825375174097,-222.82436076538787,-256.0855779575632,-247.36303269579943,-233.24599146637453,-216.70404755248563,-243.3731339848467,-216.74715908131043,0
seq19458,0,0,0,0,0,0,0,0,0,0,0,0,0,0,0,0,0,0,0,0,0,0,0,0,-230.28399439013512,-219.53004275352848,-262.1494933024441,-197.3825090889638,-214.4458256653471,-215.21584460783106,-207.15467066202902,-231.0664415229845,0
seq19459,0,0,0,0,0,0,0,0,0,0,0,0,0,0,0,0,0,0,0,0,0,0,0,0,-269.9019934123716,-263.9266375584791,-286.55488784164845,-259.0290216848018,-255.8478040356585,-260.64987135659834,-257.57033304807874,-275.5803007242755,0
seq19460,0,0,0,0,0,0,0,0,0,0,0,0,0,0,0,0,0,0,0,0,0,0,0,0,-300.90369754360256,-292.8329757978674,-300.54744257508634,-297.01731825891915,-282.5081611759503,-291.9456497179604,-292.66725958527445,-297.9598587494645,0
seq19461,0,0,0,0,0,0,0,0,0,0,0,0,0,0,0,0,0,0,0,0,0,0,0,0,-348.37385002482347,-343.28081590848245,-345.5136505185452,-343.0923986206267,-333.084545310515,-344.8512347918314,-341.99412159373776,-351.6817829520246,0
seq19462,0,0,0,0,0,0,0,0,0,0,0,0,0,0,0,0,0,0,0,0,0,0,0,0,-315.9065528770844,-307.38712437441967,-315.2448387395384,-307.72283106681573,-297.8456709204655,-306.70963237931926,-307.0815926259599,-311.39978783344446,0
seq19463,0,0,0,0,0,0,0,0,0,0,0,0,0,0,0,0,0,0,0,0,0,0,0,0,-304.75272633319213,-293.3703016182149,-308.28392618785284,-279.0036284885112,-289.034099690402,-292.9179137581955,-278.39940386216193,-303.071970970321,0
seq19464,0,0,0,0,0,0,0,0,0,0,0,0,0,0,0,0,0,0,0,0,0,0,0,0,-290.0726757703542,-288.00416183808676,-300.12561539087415,-286.03037330057185,-281.8266555565026,-286.55561395452276,-283.4820728759672,-295.6139646726785,0
seq19465,0,0,0,0,0,0,0,0,0,0,0,0,0,0,0,0,0,0,0,0,0,0,0,0,-249.58155500884513,-244.80596956179707,-255.1689831349887,-257.1314702245633,-247.3401392796683,-244.18863790502442,-242.681222055423,-247.37937165334492,0
seq19466,0,0,0,0,0,0,0,0,0,0,0,0,0,0,0,0,0,0,0,0,0,0,0,0,-306.8792065033424,-300.58897713784427,-313.06269986481817,-304.30664989530646,-290.1590985171377,-302.15604114322645,-294.62767669842464,-309.1538436576264,0
seq19467,0,0,0,0,0,0,0,0,0,0,0,0,0,0,0,0,0,0,0,0,0,0,0,0,-279.41088603314233,-271.96126956911826,-279.45616359792524,-278.51322278566664,-264.2741484906983,-268.79169425027817,-269.8042774105434,-276.5572701980206,0
seq19468,0,0,0,0,0,0,0,0,0,0,0,0,0,0,0,0,0,0,0,0,0,0,0,0,-306.468592446235,-296.9788403637156,-312.6244877973827,-307.2791940151067,-289.95990297575224,-298.951033052618,-302.49576696513753,-304.984399650794,0
seq19469,0,0,0,0,0,0,0,0,0,0,0,0,0,0,0,0,0,0,0,0,0,0,0,0,-212.75483364553702,-212.09105175812437,-248.37164817749482,-243.40685076645454,-229.30366269878743,-201.58772881735283,-239.59158246412792,-205.80379951133827,0
seq19470,0,0,0,0,0,0,0,0,0,0,0,0,0,0,0,0,0,0,0,0,0,0,0,0,-253.86272194554093,-249.5265510662902,-263.1521978252964,-255.7914742341758,-241.0706261292633,-245.60854360616153,-244.669638926955,-253.08863231470195,0
seq19471,0,0,0,0,0,0,0,0,0,0,0,0,0,0,0,0,0,0,0,0,0,0,0,0,-269.97213279854685,-261.0687288827752,-279.02054734963764,-263.14023607264664,-250.43208189286293,-257.5676765345464,-258.92773230683116,-273.1392090476129,0
seq19472,0,0,0,0,0,0,0,0,0,0,0,0,0,0,0,0,0,0,0,0,0,0,0,0,-294.20533637907425,-291.35092316843105,-298.4276648708274,-298.60084766106877,-283.9542749678907,-288.8918843969902,-294.35473029875027,-293.9714643826725,0
seq19473,0,0,0,0,0,0,0,0,0,0,0,0,0,0,0,0,0,0,0,0,0,0,0,0,-278.9266322538927,-269.0636432313697,-278.7802729635468,-274.07206180589685,-260.7250130989457,-267.2296138447659,-263.6881128076521,-277.14526951487045,0
seq19474,0,0,0,0,0,0,0,0,0,0,0,0,0,0,0,0,0,0,0,0,0,0,0,0,-292.32599739903327,-287.8336844049896,-294.21141141785523,-275.4023330716872,-273.96860433032884,-278.25323043068107,-272.4517961919994,-289.5056531704211,0
seq19475,0,0,0,0,0,0,0,0,0,0,0,0,0,0,0,0,0,0,0,0,0,0,0,0,-278.2460233214321,-267.9986259298151,-283.633459397402,-273.77469813803685,-262.8171980671804,-269.2500908465966,-263.39717865011016,-271.67703369266707,0
seq19476,0,0,0,0,0,0,0,0,0,0,0,0,0,0,0,0,0,0,0,0,0,0,0,0,-297.1592544408171,-283.0339035192133,-299.08551054145147,-289.6599105064404,-280.21203508800943,-284.6418096849501,-274.35206070608467,-293.36192573647617,0
seq19477,0,0,0,0,0,0,0,0,0,0,0,0,0,0,0,0,0,0,0,0,0,0,0,0,-290.72218624712383,-284.45451360428825,-287.42936127199414,-293.4398297553639,-277.5785048283737,-283.31526230653685,-286.8210117148367,-291.130528398669,0
seq19478,0,0,0,0,0,0,0,0,0,0,0,0,0,0,0,0,0,0,0,0,0,0,0,0,-310.1961367425406,-303.1143317315803,-305.0761101951113,-311.95818499684754,-304.03918608411385,-305.82092658463984,-300.96205656171554,-310.71111706999693,0
seq19479,0,0,0,0,0,0,0,0,0,0,0,0,0,0,0,0,0,0,0,0,0,0,0,0,-211.51380155927953,-206.1690286014849,-242.05342909193897,-240.41104561546706,-222.26480773044068,-201.00169108096773,-233.29751148184812,-197.24061115416023,0
seq19480,0,0,0,0,0,0,0,0,0,0,0,0,0,0,0,0,0,0,0,0,0,0,0,0,-294.1252893332965,-289.8669146348872,-294.35597195704656,-296.10861702051375,-279.7187938726662,-285.680185055697,-289.4448527176456,-291.0047523869256,0
seq19481,0,0,0,0,0,0,0,0,0,0,0,0,0,0,0,0,0,0,0,0,0,0,0,0,-331.7613825923625,-323.41305873257375,-328.9767153568339,-322.14340816094995,-310.71829058583535,-319.20633337605136,-313.55562367700696,-326.96546276289007,0
seq19482,0,0,0,0,0,0,0,0,0,0,0,0,0,0,0,0,0,0,0,0,0,0,0,0,-264.10581574726,-258.49301015390677,-269.84649480268604,-265.12807364582744,-260.87360789130014,-252.20698512079713,-260.6252619776754,-263.2897887942737,0
seq19483,0,0,0,0,0,0,0,0,0,0,0,0,0,0,0,0,0,0,0,0,0,0,0,0,-255.5022509650671,-252.73504114207574,-257.5890032960174,-260.0464340551216,-253.53905132190826,-254.30087419508678,-251.43580971668388,-258.0724879162691,0
seq19484,0,0,0,0,0,0,0,0,0,0,0,0,0,0,0,0,0,0,0,0,0,0,0,0,-252.1749770728241,-243.20608815634114,-246.68259479479008,-252.00547671746185,-238.15905606985376,-240.3659558843435,-233.89380156435536,-245.42202215747218,0
seq19485,0,0,0,0,0,0,0,0,0,0,0,0,0,0,0,0,0,0,0,0,0,0,0,0,-260.28697035034315,-257.07416253713956,-272.82256615995277,-265.47458154274346,-251.1249724936356,-256.01997031156645,-253.70096488800783,-267.82860837998516,0
seq19486,0,0,0,0,0,0,0,0,0,0,0,0,0,0,0,0,0,0,0,0,0,0,0,0,-242.74854551725238,-239.32344055614834,-263.0095036804483,-245.49151431509304,-232.7822958299781,-237.48617164539797,-234.8864578095655,-248.68174955800816,0
seq19487,0,0,0,0,0,0,0,0,0,0,0,0,0,0,0,0,0,0,0,0,0,0,0,0,-527.2978805297186,-522.7338850032135,-538.4623059552476,-525.7315316282302,-514.4019170627987,-524.1996368985941,-521.5815800809295,-533.0657095414834,0
seq19488,0,0,0,0,0,0,0,0,0,0,0,0,0,0,0,0,0,0,0,0,0,0,0,0,-287.8714256503358,-279.62190512898115,-286.3262131538193,-279.4037833626263,-269.52787062452535,-278.1112202201873,-271.91445783786514,-288.97011798304806,0
seq19489,0,0,0,0,0,0,0,0,0,0,0,0,0,0,0,0,0,0,0,0,0,0,0,0,-257.2215465945724,-252.56171597462372,-270.38625995346683,-269.29904524883955,-256.57890882888626,-250.39567497188818,-260.6536519946666,-259.0118599786518,0
seq19490,0,0,0,0,0,0,0,0,0,0,0,0,0,0,0,0,0,0,0,0,0,0,0,0,-251.39727429989708,-239.17264497649995,-269.7871449889267,-230.49068716966667,-236.19465065535516,-243.91845413850356,-218.95451354487568,-258.5133096321713,0
seq19491,0,0,0,0,0,0,0,0,0,0,0,0,0,0,0,0,0,0,0,0,0,0,0,0,-290.91527125986744,-283.30593989365536,-287.34682440965383,-288.2701293390867,-282.2155632065787,-282.0177011423439,-268.1951886025588,-287.7198787517473,0
seq19492,0,0,0,0,0,0,0,0,0,0,0,0,0,0,0,0,0,0,0,0,0,0,0,0,-301.2235617861143,-293.4068866373325,-307.84899708031577,-292.0570892916188,-282.0072482573894,-282.40670147409725,-289.061488063467,-294.9921742614882,0
seq19493,0,0,0,0,0,0,0,0,0,0,0,0,0,0,0,0,0,0,0,0,0,0,0,0,-303.5240132602803,-299.4649390798485,-309.97248044821197,-297.5328687028966,-289.16201744913724,-290.2010247198731,-294.1847785382257,-302.4483026419513,0
seq19494,0,0,0,0,0,0,0,0,0,0,0,0,0,0,0,0,0,0,0,0,0,0,0,0,-278.7186853014469,-273.53479599425884,-286.38517172067066,-279.58702362249835,-263.99325029914905,-271.6380221014014,-273.0616462106746,-281.3023434607175,0
seq19495,0,0,0,0,0,0,0,0,0,0,0,0,0,0,0,0,0,0,0,0,0,0,0,0,-278.9588315648139,-267.62242421413924,-288.481893624891,-257.7816725890287,-270.8518456278111,-264.8673337695086,-261.6698678968076,-284.32614625523064,0
seq19496,0,0,0,0,0,0,0,0,0,0,0,0,0,0,0,0,0,0,0,0,0,0,0,0,-264.24445264482245,-257.23045180453704,-272.6790027465259,-267.71950540302856,-252.7385891141883,-257.389541500544,-251.86536247707733,-265.93628616720406,0
seq19497,0,0,0,0,0,0,0,0,0,0,0,0,0,0,0,0,0,0,0,0,0,0,0,0,-296.0563761286294,-289.00062362576836,-302.34723405712464,-294.51374941585067,-284.01270825905095,-281.35280425999736,-290.895237689758,-295.17925569121934,0
seq19498,0,0,0,0,0,0,0,0,0,0,0,0,0,0,0,0,0,0,0,0,0,0,0,0,-370.02251758475836,-362.45297072598487,-373.2500885117521,-367.5446409316044,-359.69542159517124,-365.79601267737866,-367.7641739599326,-366.3288980499445,0
seq19499,0,0,0,0,0,0,0,0,0,0,0,0,0,0,0,0,0,0,0,0,0,0,0,0,-247.44183437781513,-246.8616730017226,-277.8583288489019,-241.56641532969476,-227.22867386858184,-243.3452087523433,-234.38691744081197,-255.3774658470755,0
seq19500,0,0,0,0,0,0,0,0,0,0,0,0,0,0,0,0,0,0,0,0,0,0,0,0,-247.0509956937773,-240.33550583772296,-261.3118708005459,-245.70767124899785,-234.61862514937997,-237.40848169309976,-232.81745047148476,-248.94030365445727,0
